test_year,baseline_auc,ridge_auc,tree_auc,knn_auc,baseline_f1,ridge_f1,tree_f1,knn_f1
2018,0.8821206304364886,0.8919825187277786,0.8895219511900667,0.8826729565443099,0.7058823529411765,0.7169811320754716,0.6689655172413793,0.6788511749347258
